met,split,value,src,trg,model
mse,0,0.005245522208201892,CCLE,CCLE,uno
mse,1,0.005343257163865547,CCLE,CCLE,uno
mse,2,0.005194642373949581,CCLE,CCLE,uno
mse,3,0.005225015472689076,CCLE,CCLE,uno
mse,4,0.005357983550420168,CCLE,CCLE,uno
mse,5,0.005461117836134454,CCLE,CCLE,uno
mse,6,0.005433396544117647,CCLE,CCLE,uno
mse,7,0.004893297363445378,CCLE,CCLE,uno
mse,8,0.005622177426470589,CCLE,CCLE,uno
mse,9,0.005037970462184874,CCLE,CCLE,uno
rmse,0,0.0724259774404315,CCLE,CCLE,uno
rmse,1,0.07309758658030747,CCLE,CCLE,uno
rmse,2,0.07207386748294822,CCLE,CCLE,uno
rmse,3,0.07228426850075385,CCLE,CCLE,uno
rmse,4,0.07319824827425973,CCLE,CCLE,uno
rmse,5,0.07389937642588369,CCLE,CCLE,uno
rmse,6,0.0737115767306442,CCLE,CCLE,uno
rmse,7,0.06995210764119533,CCLE,CCLE,uno
rmse,8,0.07498118048197554,CCLE,CCLE,uno
rmse,9,0.07097866202024995,CCLE,CCLE,uno
pcc,0,0.9021120632103259,CCLE,CCLE,uno
pcc,1,0.8896227178595959,CCLE,CCLE,uno
pcc,2,0.8987096764270409,CCLE,CCLE,uno
pcc,3,0.903115723104689,CCLE,CCLE,uno
pcc,4,0.8902556618824999,CCLE,CCLE,uno
pcc,5,0.8904052622818879,CCLE,CCLE,uno
pcc,6,0.8885754075986081,CCLE,CCLE,uno
pcc,7,0.89935314490185,CCLE,CCLE,uno
pcc,8,0.8937575464157302,CCLE,CCLE,uno
pcc,9,0.8897806433090111,CCLE,CCLE,uno
scc,0,0.8137128562621253,CCLE,CCLE,uno
scc,1,0.8020333696891487,CCLE,CCLE,uno
scc,2,0.8014264281871452,CCLE,CCLE,uno
scc,3,0.7974590468315644,CCLE,CCLE,uno
scc,4,0.8134740058186144,CCLE,CCLE,uno
scc,5,0.7765095914157957,CCLE,CCLE,uno
scc,6,0.8164352384174787,CCLE,CCLE,uno
scc,7,0.8186518812642092,CCLE,CCLE,uno
scc,8,0.8319244880177931,CCLE,CCLE,uno
scc,9,0.7765890293052976,CCLE,CCLE,uno
r2,0,0.8073394424945634,CCLE,CCLE,uno
r2,1,0.7859416938372823,CCLE,CCLE,uno
r2,2,0.8066895058259381,CCLE,CCLE,uno
r2,3,0.8137439991423877,CCLE,CCLE,uno
r2,4,0.7866192123709298,CCLE,CCLE,uno
r2,5,0.7811052798503566,CCLE,CCLE,uno
r2,6,0.7857746841630568,CCLE,CCLE,uno
r2,7,0.8075637914114475,CCLE,CCLE,uno
r2,8,0.7974725012184191,CCLE,CCLE,uno
r2,9,0.7887363148071602,CCLE,CCLE,uno
mse,0,0.04283165660499189,CCLE,CTRPv2,uno
mse,1,0.04276019897008704,CCLE,CTRPv2,uno
mse,2,0.03409482817448938,CCLE,CTRPv2,uno
mse,3,0.03485725141583381,CCLE,CTRPv2,uno
mse,4,0.03757016395977882,CCLE,CTRPv2,uno
mse,5,0.03578826333127518,CCLE,CTRPv2,uno
mse,6,0.03756398027750161,CCLE,CTRPv2,uno
mse,7,0.03939578710979714,CCLE,CTRPv2,uno
mse,8,0.03854630694451713,CCLE,CTRPv2,uno
mse,9,0.035899299776847554,CCLE,CTRPv2,uno
rmse,0,0.2069581035016312,CCLE,CTRPv2,uno
rmse,1,0.20678539351242156,CCLE,CTRPv2,uno
rmse,2,0.1846478490925074,CCLE,CTRPv2,uno
rmse,3,0.18670096790277713,CCLE,CTRPv2,uno
rmse,4,0.19383024521415337,CCLE,CTRPv2,uno
rmse,5,0.18917786163099312,CCLE,CTRPv2,uno
rmse,6,0.1938142932745199,CCLE,CTRPv2,uno
rmse,7,0.19848372001198772,CCLE,CTRPv2,uno
rmse,8,0.19633213426364296,CCLE,CTRPv2,uno
rmse,9,0.18947110538772807,CCLE,CTRPv2,uno
pcc,0,0.21266046619468976,CCLE,CTRPv2,uno
pcc,1,0.2083599528281821,CCLE,CTRPv2,uno
pcc,2,0.2133623075570762,CCLE,CTRPv2,uno
pcc,3,0.23854912191605346,CCLE,CTRPv2,uno
pcc,4,0.20756040009475563,CCLE,CTRPv2,uno
pcc,5,0.22623197422631267,CCLE,CTRPv2,uno
pcc,6,0.2172896648422692,CCLE,CTRPv2,uno
pcc,7,0.2178809359838757,CCLE,CTRPv2,uno
pcc,8,0.19211740239486993,CCLE,CTRPv2,uno
pcc,9,0.21430390784791645,CCLE,CTRPv2,uno
scc,0,0.12715001192624362,CCLE,CTRPv2,uno
scc,1,0.1321647973437052,CCLE,CTRPv2,uno
scc,2,0.13109118011895227,CCLE,CTRPv2,uno
scc,3,0.15444442575225575,CCLE,CTRPv2,uno
scc,4,0.12896825620863867,CCLE,CTRPv2,uno
scc,5,0.13696642861205655,CCLE,CTRPv2,uno
scc,6,0.146834838247611,CCLE,CTRPv2,uno
scc,7,0.1393650498154745,CCLE,CTRPv2,uno
scc,8,0.11617337382391572,CCLE,CTRPv2,uno
scc,9,0.13391503082907635,CCLE,CTRPv2,uno
r2,0,-1.0514228126420235,CCLE,CTRPv2,uno
r2,1,-1.0480003481846438,CCLE,CTRPv2,uno
r2,2,-0.6329722885877331,CCLE,CTRPv2,uno
r2,3,-0.669488560760128,CCLE,CTRPv2,uno
r2,4,-0.7994235462937691,CCLE,CTRPv2,uno
r2,5,-0.7140793899169762,CCLE,CTRPv2,uno
r2,6,-0.7991273787416571,CCLE,CTRPv2,uno
r2,7,-0.8868617934709397,CCLE,CTRPv2,uno
r2,8,-0.8461759286674,CCLE,CTRPv2,uno
r2,9,-0.7193974820837707,CCLE,CTRPv2,uno
mse,0,0.034182370143305815,CCLE,GDSCv1,uno
mse,1,0.03407602020030243,CCLE,GDSCv1,uno
mse,2,0.028475355107363036,CCLE,GDSCv1,uno
mse,3,0.029370460058799588,CCLE,GDSCv1,uno
mse,4,0.031024899517855066,CCLE,GDSCv1,uno
mse,5,0.029482529295102942,CCLE,GDSCv1,uno
mse,6,0.03132885858340118,CCLE,GDSCv1,uno
mse,7,0.031998045753867624,CCLE,GDSCv1,uno
mse,8,0.030621484494358496,CCLE,GDSCv1,uno
mse,9,0.02979137688914737,CCLE,GDSCv1,uno
rmse,0,0.18488474827120221,CCLE,GDSCv1,uno
rmse,1,0.18459691275940243,CCLE,GDSCv1,uno
rmse,2,0.16874642250241348,CCLE,GDSCv1,uno
rmse,3,0.1713781201285613,CCLE,GDSCv1,uno
rmse,4,0.17613886430272868,CCLE,GDSCv1,uno
rmse,5,0.17170477365263595,CCLE,GDSCv1,uno
rmse,6,0.17699960051763164,CCLE,GDSCv1,uno
rmse,7,0.178879975832589,CCLE,GDSCv1,uno
rmse,8,0.17498995540989917,CCLE,GDSCv1,uno
rmse,9,0.1726017870392638,CCLE,GDSCv1,uno
pcc,0,0.28849204812966733,CCLE,GDSCv1,uno
pcc,1,0.2914547883530682,CCLE,GDSCv1,uno
pcc,2,0.32190235923025745,CCLE,GDSCv1,uno
pcc,3,0.32183523707830985,CCLE,GDSCv1,uno
pcc,4,0.2982917745259505,CCLE,GDSCv1,uno
pcc,5,0.3212589952409196,CCLE,GDSCv1,uno
pcc,6,0.29915695130224473,CCLE,GDSCv1,uno
pcc,7,0.30060806368099724,CCLE,GDSCv1,uno
pcc,8,0.29777467275261865,CCLE,GDSCv1,uno
pcc,9,0.3005392914620386,CCLE,GDSCv1,uno
scc,0,0.18991703150002773,CCLE,GDSCv1,uno
scc,1,0.20317395717996606,CCLE,GDSCv1,uno
scc,2,0.24088786431842388,CCLE,GDSCv1,uno
scc,3,0.22344529749683856,CCLE,GDSCv1,uno
scc,4,0.19191329964890497,CCLE,GDSCv1,uno
scc,5,0.22258401352886512,CCLE,GDSCv1,uno
scc,6,0.20819000245245833,CCLE,GDSCv1,uno
scc,7,0.19951413621035757,CCLE,GDSCv1,uno
scc,8,0.21267718432446223,CCLE,GDSCv1,uno
scc,9,0.20066678658587192,CCLE,GDSCv1,uno
r2,0,-0.2776226416044636,CCLE,GDSCv1,uno
r2,1,-0.2736476365201228,CCLE,GDSCv1,uno
r2,2,-0.06431351191775181,CCLE,GDSCv1,uno
r2,3,-0.09776954050129238,CCLE,GDSCv1,uno
r2,4,-0.15960695268750014,CCLE,GDSCv1,uno
r2,5,-0.10195831363575358,CCLE,GDSCv1,uno
r2,6,-0.17096792568716523,CCLE,GDSCv1,uno
r2,7,-0.19597990340769145,CCLE,GDSCv1,uno
r2,8,-0.14452864870150361,CCLE,GDSCv1,uno
r2,9,-0.1135020034765093,CCLE,GDSCv1,uno
mse,0,0.03266150467621507,CCLE,GDSCv2,uno
mse,1,0.0324986270297617,CCLE,GDSCv2,uno
mse,2,0.02750232144961795,CCLE,GDSCv2,uno
mse,3,0.02784262120590698,CCLE,GDSCv2,uno
mse,4,0.029583006773315657,CCLE,GDSCv2,uno
mse,5,0.02977695395720666,CCLE,GDSCv2,uno
mse,6,0.029991755687432394,CCLE,GDSCv2,uno
mse,7,0.03081833878092181,CCLE,GDSCv2,uno
mse,8,0.029649155617040575,CCLE,GDSCv2,uno
mse,9,0.028257217715187893,CCLE,GDSCv2,uno
rmse,0,0.18072494204236192,CCLE,GDSCv2,uno
rmse,1,0.18027375579867885,CCLE,GDSCv2,uno
rmse,2,0.16583823880401632,CCLE,GDSCv2,uno
rmse,3,0.16686108355727222,CCLE,GDSCv2,uno
rmse,4,0.1719971126888927,CCLE,GDSCv2,uno
rmse,5,0.17256000103502162,CCLE,GDSCv2,uno
rmse,6,0.17318127984118953,CCLE,GDSCv2,uno
rmse,7,0.17555152742406377,CCLE,GDSCv2,uno
rmse,8,0.1721893016915992,CCLE,GDSCv2,uno
rmse,9,0.16809883317616423,CCLE,GDSCv2,uno
pcc,0,0.3692138144253752,CCLE,GDSCv2,uno
pcc,1,0.3753106502621853,CCLE,GDSCv2,uno
pcc,2,0.3850549097469057,CCLE,GDSCv2,uno
pcc,3,0.4126977917736739,CCLE,GDSCv2,uno
pcc,4,0.3908120661131942,CCLE,GDSCv2,uno
pcc,5,0.3908164408452433,CCLE,GDSCv2,uno
pcc,6,0.3794713015681224,CCLE,GDSCv2,uno
pcc,7,0.380694272075749,CCLE,GDSCv2,uno
pcc,8,0.3681148129328088,CCLE,GDSCv2,uno
pcc,9,0.37570898469050285,CCLE,GDSCv2,uno
scc,0,0.22798640033587708,CCLE,GDSCv2,uno
scc,1,0.23780003023897786,CCLE,GDSCv2,uno
scc,2,0.26824833555286826,CCLE,GDSCv2,uno
scc,3,0.2694562878810929,CCLE,GDSCv2,uno
scc,4,0.2414780894087563,CCLE,GDSCv2,uno
scc,5,0.25050664294705355,CCLE,GDSCv2,uno
scc,6,0.24722078831534622,CCLE,GDSCv2,uno
scc,7,0.23475743721462464,CCLE,GDSCv2,uno
scc,8,0.2435118726494083,CCLE,GDSCv2,uno
scc,9,0.2316600623138841,CCLE,GDSCv2,uno
r2,0,-0.39181954794493046,CCLE,GDSCv2,uno
r2,1,-0.3848787687461648,CCLE,GDSCv2,uno
r2,2,-0.17196892754664228,CCLE,GDSCv2,uno
r2,3,-0.1864702757747565,CCLE,GDSCv2,uno
r2,4,-0.26063411720501994,CCLE,GDSCv2,uno
r2,5,-0.2688988767280234,CCLE,GDSCv2,uno
r2,6,-0.2780523205152683,CCLE,GDSCv2,uno
r2,7,-0.3132758816746275,CCLE,GDSCv2,uno
r2,8,-0.26345294795648067,CCLE,GDSCv2,uno
r2,9,-0.20413766531627742,CCLE,GDSCv2,uno
mse,0,0.028593990473588342,CCLE,gCSI,uno
mse,1,0.026712263228091476,CCLE,gCSI,uno
mse,2,0.030770773464885656,CCLE,gCSI,uno
mse,3,0.027334054849220805,CCLE,gCSI,uno
mse,4,0.027768630317749444,CCLE,gCSI,uno
mse,5,0.032146864450516094,CCLE,gCSI,uno
mse,6,0.02982719676988464,CCLE,gCSI,uno
mse,7,0.028112870823719896,CCLE,gCSI,uno
mse,8,0.029357858476017,CCLE,gCSI,uno
mse,9,0.028627977259664036,CCLE,gCSI,uno
rmse,0,0.16909757678212997,CCLE,gCSI,uno
rmse,1,0.16343886694446788,CCLE,gCSI,uno
rmse,2,0.17541600116547423,CCLE,gCSI,uno
rmse,3,0.16533013896208038,CCLE,gCSI,uno
rmse,4,0.1666392220269569,CCLE,gCSI,uno
rmse,5,0.1792954668989601,CCLE,gCSI,uno
rmse,6,0.17270552038045756,CCLE,gCSI,uno
rmse,7,0.16766893219591963,CCLE,gCSI,uno
rmse,8,0.17134135074761433,CCLE,gCSI,uno
rmse,9,0.1691980415361361,CCLE,gCSI,uno
pcc,0,0.5521499905744532,CCLE,gCSI,uno
pcc,1,0.5681944857336484,CCLE,gCSI,uno
pcc,2,0.49354902939688916,CCLE,gCSI,uno
pcc,3,0.5592330866377643,CCLE,gCSI,uno
pcc,4,0.5557429819223326,CCLE,gCSI,uno
pcc,5,0.5059323075199619,CCLE,gCSI,uno
pcc,6,0.5175458837430548,CCLE,gCSI,uno
pcc,7,0.5511775701585891,CCLE,gCSI,uno
pcc,8,0.533450408180652,CCLE,gCSI,uno
pcc,9,0.5328463392801941,CCLE,gCSI,uno
scc,0,0.5322577715929424,CCLE,gCSI,uno
scc,1,0.5480646367729711,CCLE,gCSI,uno
scc,2,0.4561208298026478,CCLE,gCSI,uno
scc,3,0.5455087262624415,CCLE,gCSI,uno
scc,4,0.5388968163146654,CCLE,gCSI,uno
scc,5,0.4650306282953702,CCLE,gCSI,uno
scc,6,0.4988144620168898,CCLE,gCSI,uno
scc,7,0.5322232773285418,CCLE,gCSI,uno
scc,8,0.5187988338659677,CCLE,gCSI,uno
scc,9,0.50917963426876,CCLE,gCSI,uno
r2,0,0.20055285402422451,CCLE,gCSI,uno
r2,1,0.25316326100141273,CCLE,gCSI,uno
r2,2,0.13969310968708293,CCLE,gCSI,uno
r2,3,0.23577885509407215,CCLE,gCSI,uno
r2,4,0.2236287454985887,CCLE,gCSI,uno
r2,5,0.10121957056768671,CCLE,gCSI,uno
r2,6,0.16607416680202414,CCLE,gCSI,uno
r2,7,0.2140042724722886,CCLE,gCSI,uno
r2,8,0.17919619535820608,CCLE,gCSI,uno
r2,9,0.19960263201326733,CCLE,gCSI,uno
mse,0,0.009390467107889485,CTRPv2,CCLE,uno
mse,1,0.00969779537451413,CTRPv2,CCLE,uno
mse,2,0.00976347817522849,CTRPv2,CCLE,uno
mse,3,0.009633957891585252,CTRPv2,CCLE,uno
mse,4,0.00933921941065238,CTRPv2,CCLE,uno
mse,5,0.00986349882550688,CTRPv2,CCLE,uno
mse,6,0.009305918834961657,CTRPv2,CCLE,uno
mse,7,0.009699828055468011,CTRPv2,CCLE,uno
mse,8,0.0094092933459397,CTRPv2,CCLE,uno
mse,9,0.009802890412858496,CTRPv2,CCLE,uno
rmse,0,0.09690442254040568,CTRPv2,CCLE,uno
rmse,1,0.09847738509177693,CTRPv2,CCLE,uno
rmse,2,0.09881031411360097,CTRPv2,CCLE,uno
rmse,3,0.09815272737721174,CTRPv2,CCLE,uno
rmse,4,0.09663963685078902,CTRPv2,CCLE,uno
rmse,5,0.0993151490232325,CTRPv2,CCLE,uno
rmse,6,0.09646719045852666,CTRPv2,CCLE,uno
rmse,7,0.09848770509798678,CTRPv2,CCLE,uno
rmse,8,0.09700151208068718,CTRPv2,CCLE,uno
rmse,9,0.09900954707935238,CTRPv2,CCLE,uno
pcc,0,0.8100247461320067,CTRPv2,CCLE,uno
pcc,1,0.8118536011717045,CTRPv2,CCLE,uno
pcc,2,0.8097796394207418,CTRPv2,CCLE,uno
pcc,3,0.8075219875538856,CTRPv2,CCLE,uno
pcc,4,0.8094707159749952,CTRPv2,CCLE,uno
pcc,5,0.8079589160069129,CTRPv2,CCLE,uno
pcc,6,0.8117318570726579,CTRPv2,CCLE,uno
pcc,7,0.8119960692397278,CTRPv2,CCLE,uno
pcc,8,0.8089129699439049,CTRPv2,CCLE,uno
pcc,9,0.8076352790898149,CTRPv2,CCLE,uno
scc,0,0.6895485896506295,CTRPv2,CCLE,uno
scc,1,0.6904252173504498,CTRPv2,CCLE,uno
scc,2,0.6908177945890781,CTRPv2,CCLE,uno
scc,3,0.6799806694600153,CTRPv2,CCLE,uno
scc,4,0.6927911859832157,CTRPv2,CCLE,uno
scc,5,0.6816617137052476,CTRPv2,CCLE,uno
scc,6,0.6931870864515091,CTRPv2,CCLE,uno
scc,7,0.6924022766238175,CTRPv2,CCLE,uno
scc,8,0.6839716798835592,CTRPv2,CCLE,uno
scc,9,0.6857993809795748,CTRPv2,CCLE,uno
r2,0,0.6385029847221191,CTRPv2,CCLE,uno
r2,1,0.626672023618811,CTRPv2,CCLE,uno
r2,2,0.6241434873766274,CTRPv2,CCLE,uno
r2,3,0.6291295221943882,CTRPv2,CCLE,uno
r2,4,0.6404758247713126,CTRPv2,CCLE,uno
r2,5,0.6202930754507485,CTRPv2,CCLE,uno
r2,6,0.6417577693839631,CTRPv2,CCLE,uno
r2,7,0.6265937731878797,CTRPv2,CCLE,uno
r2,8,0.6377782466674652,CTRPv2,CCLE,uno
r2,9,0.6226262671888585,CTRPv2,CCLE,uno
mse,0,0.00330946660399079,CTRPv2,CTRPv2,uno
mse,1,0.003185161099870932,CTRPv2,CTRPv2,uno
mse,2,0.003218290464994593,CTRPv2,CTRPv2,uno
mse,3,0.003470557031081034,CTRPv2,CTRPv2,uno
mse,4,0.003467202402065093,CTRPv2,CTRPv2,uno
mse,5,0.0031562109701049985,CTRPv2,CTRPv2,uno
mse,6,0.0033486719922556337,CTRPv2,CTRPv2,uno
mse,7,0.0033591175395939438,CTRPv2,CTRPv2,uno
mse,8,0.0034043504119863257,CTRPv2,CTRPv2,uno
mse,9,0.003338159526965743,CTRPv2,CTRPv2,uno
rmse,0,0.05752796366977359,CTRPv2,CTRPv2,uno
rmse,1,0.056437231504308676,CTRPv2,CTRPv2,uno
rmse,2,0.056729978538640334,CTRPv2,CTRPv2,uno
rmse,3,0.05891143378904501,CTRPv2,CTRPv2,uno
rmse,4,0.058882955106423565,CTRPv2,CTRPv2,uno
rmse,5,0.05618016527303029,CTRPv2,CTRPv2,uno
rmse,6,0.05786771113717592,CTRPv2,CTRPv2,uno
rmse,7,0.05795789454072623,CTRPv2,CTRPv2,uno
rmse,8,0.05834681149802726,CTRPv2,CTRPv2,uno
rmse,9,0.05777680786410533,CTRPv2,CTRPv2,uno
pcc,0,0.9208750383494164,CTRPv2,CTRPv2,uno
pcc,1,0.9222354855050823,CTRPv2,CTRPv2,uno
pcc,2,0.920690472145202,CTRPv2,CTRPv2,uno
pcc,3,0.917225598992675,CTRPv2,CTRPv2,uno
pcc,4,0.9184862963991425,CTRPv2,CTRPv2,uno
pcc,5,0.9220769437508677,CTRPv2,CTRPv2,uno
pcc,6,0.9194254820021733,CTRPv2,CTRPv2,uno
pcc,7,0.9162182990115478,CTRPv2,CTRPv2,uno
pcc,8,0.9167475640485169,CTRPv2,CTRPv2,uno
pcc,9,0.9170884171862148,CTRPv2,CTRPv2,uno
scc,0,0.8695304189452392,CTRPv2,CTRPv2,uno
scc,1,0.8762714464455159,CTRPv2,CTRPv2,uno
scc,2,0.8735319734634838,CTRPv2,CTRPv2,uno
scc,3,0.8736129588834239,CTRPv2,CTRPv2,uno
scc,4,0.8701481686577192,CTRPv2,CTRPv2,uno
scc,5,0.8730894972009061,CTRPv2,CTRPv2,uno
scc,6,0.87221858258216,CTRPv2,CTRPv2,uno
scc,7,0.8669804164124919,CTRPv2,CTRPv2,uno
scc,8,0.8648852510927011,CTRPv2,CTRPv2,uno
scc,9,0.8654584211058345,CTRPv2,CTRPv2,uno
r2,0,0.8397039341260687,CTRPv2,CTRPv2,uno
r2,1,0.8492837468014054,CTRPv2,CTRPv2,uno
r2,2,0.846469687839601,CTRPv2,CTRPv2,uno
r2,3,0.8356466049086161,CTRPv2,CTRPv2,uno
r2,4,0.8361096264531962,CTRPv2,CTRPv2,uno
r2,5,0.8492571516665577,CTRPv2,CTRPv2,uno
r2,6,0.8393627185437067,CTRPv2,CTRPv2,uno
r2,7,0.8380165993502541,CTRPv2,CTRPv2,uno
r2,8,0.8343120027448723,CTRPv2,CTRPv2,uno
r2,9,0.8387400917206764,CTRPv2,CTRPv2,uno
mse,0,0.019992159506164942,CTRPv2,GDSCv1,uno
mse,1,0.020080621428347097,CTRPv2,GDSCv1,uno
mse,2,0.020335287055775267,CTRPv2,GDSCv1,uno
mse,3,0.019832709974293358,CTRPv2,GDSCv1,uno
mse,4,0.020150505748458763,CTRPv2,GDSCv1,uno
mse,5,0.019876884164534137,CTRPv2,GDSCv1,uno
mse,6,0.019962520981854134,CTRPv2,GDSCv1,uno
mse,7,0.020312452731068978,CTRPv2,GDSCv1,uno
mse,8,0.019634460123240664,CTRPv2,GDSCv1,uno
mse,9,0.019934503490403627,CTRPv2,GDSCv1,uno
rmse,0,0.14139363318822012,CTRPv2,GDSCv1,uno
rmse,1,0.14170610935435035,CTRPv2,GDSCv1,uno
rmse,2,0.14260184800967787,CTRPv2,GDSCv1,uno
rmse,3,0.14082865466336514,CTRPv2,GDSCv1,uno
rmse,4,0.14195247707757255,CTRPv2,GDSCv1,uno
rmse,5,0.14098540408330976,CTRPv2,GDSCv1,uno
rmse,6,0.14128878576112874,CTRPv2,GDSCv1,uno
rmse,7,0.1425217623069157,CTRPv2,GDSCv1,uno
rmse,8,0.1401230178209157,CTRPv2,GDSCv1,uno
rmse,9,0.1411896012120001,CTRPv2,GDSCv1,uno
pcc,0,0.5276351701755815,CTRPv2,GDSCv1,uno
pcc,1,0.5368317914961963,CTRPv2,GDSCv1,uno
pcc,2,0.5282923368306757,CTRPv2,GDSCv1,uno
pcc,3,0.5352860192268037,CTRPv2,GDSCv1,uno
pcc,4,0.5257625866027567,CTRPv2,GDSCv1,uno
pcc,5,0.5421184009377551,CTRPv2,GDSCv1,uno
pcc,6,0.5341819300546368,CTRPv2,GDSCv1,uno
pcc,7,0.5272875718966371,CTRPv2,GDSCv1,uno
pcc,8,0.5386826983021089,CTRPv2,GDSCv1,uno
pcc,9,0.5332459770517279,CTRPv2,GDSCv1,uno
scc,0,0.43568197634095956,CTRPv2,GDSCv1,uno
scc,1,0.43982726002669326,CTRPv2,GDSCv1,uno
scc,2,0.43186776985700714,CTRPv2,GDSCv1,uno
scc,3,0.43812298366437336,CTRPv2,GDSCv1,uno
scc,4,0.43250024810096144,CTRPv2,GDSCv1,uno
scc,5,0.4401613035996009,CTRPv2,GDSCv1,uno
scc,6,0.4318860627971156,CTRPv2,GDSCv1,uno
scc,7,0.43335965888550293,CTRPv2,GDSCv1,uno
scc,8,0.43521714751131657,CTRPv2,GDSCv1,uno
scc,9,0.4403705529969031,CTRPv2,GDSCv1,uno
r2,0,0.25275995981084975,CTRPv2,GDSCv1,uno
r2,1,0.24945354910188056,CTRPv2,GDSCv1,uno
r2,2,0.2399349999118574,CTRPv2,GDSCv1,uno
r2,3,0.2587196498867079,CTRPv2,GDSCv1,uno
r2,4,0.24684150700844243,CTRPv2,GDSCv1,uno
r2,5,0.2570685664366853,CTRPv2,GDSCv1,uno
r2,6,0.2538677486963039,CTRPv2,GDSCv1,uno
r2,7,0.24078847057899366,CTRPv2,GDSCv1,uno
r2,8,0.26612956609022886,CTRPv2,GDSCv1,uno
r2,9,0.25491494879647414,CTRPv2,GDSCv1,uno
mse,0,0.0134512917504623,CTRPv2,GDSCv2,uno
mse,1,0.01352474707538118,CTRPv2,GDSCv2,uno
mse,2,0.013742820055127175,CTRPv2,GDSCv2,uno
mse,3,0.01319974585202889,CTRPv2,GDSCv2,uno
mse,4,0.013849003136404869,CTRPv2,GDSCv2,uno
mse,5,0.013199766759708315,CTRPv2,GDSCv2,uno
mse,6,0.013336607232388963,CTRPv2,GDSCv2,uno
mse,7,0.013516684027772929,CTRPv2,GDSCv2,uno
mse,8,0.013466018499354524,CTRPv2,GDSCv2,uno
mse,9,0.013073194957869579,CTRPv2,GDSCv2,uno
rmse,0,0.11597970404541606,CTRPv2,GDSCv2,uno
rmse,1,0.11629594608317687,CTRPv2,GDSCv2,uno
rmse,2,0.11722977461006728,CTRPv2,GDSCv2,uno
rmse,3,0.1148901468883598,CTRPv2,GDSCv2,uno
rmse,4,0.11768178761560714,CTRPv2,GDSCv2,uno
rmse,5,0.11489023787819536,CTRPv2,GDSCv2,uno
rmse,6,0.11548422936656313,CTRPv2,GDSCv2,uno
rmse,7,0.11626127484150915,CTRPv2,GDSCv2,uno
rmse,8,0.1160431751519861,CTRPv2,GDSCv2,uno
rmse,9,0.1143380730897175,CTRPv2,GDSCv2,uno
pcc,0,0.6779966927146692,CTRPv2,GDSCv2,uno
pcc,1,0.6801509417365172,CTRPv2,GDSCv2,uno
pcc,2,0.6725821886401735,CTRPv2,GDSCv2,uno
pcc,3,0.6835812088999585,CTRPv2,GDSCv2,uno
pcc,4,0.6706335004645676,CTRPv2,GDSCv2,uno
pcc,5,0.6876605772080185,CTRPv2,GDSCv2,uno
pcc,6,0.6842900681122434,CTRPv2,GDSCv2,uno
pcc,7,0.6757096608196204,CTRPv2,GDSCv2,uno
pcc,8,0.6788582107446576,CTRPv2,GDSCv2,uno
pcc,9,0.6849918038412272,CTRPv2,GDSCv2,uno
scc,0,0.5674090726284672,CTRPv2,GDSCv2,uno
scc,1,0.566600165904549,CTRPv2,GDSCv2,uno
scc,2,0.5661114785238567,CTRPv2,GDSCv2,uno
scc,3,0.569228065796815,CTRPv2,GDSCv2,uno
scc,4,0.5631055327355923,CTRPv2,GDSCv2,uno
scc,5,0.5707668390781705,CTRPv2,GDSCv2,uno
scc,6,0.5685545887849641,CTRPv2,GDSCv2,uno
scc,7,0.5613261897301822,CTRPv2,GDSCv2,uno
scc,8,0.5712000028427409,CTRPv2,GDSCv2,uno
scc,9,0.5681318514972281,CTRPv2,GDSCv2,uno
r2,0,0.4267939891624932,CTRPv2,GDSCv2,uno
r2,1,0.4236638040061066,CTRPv2,GDSCv2,uno
r2,2,0.4143709609758188,CTRPv2,GDSCv2,uno
r2,3,0.4375132288948852,CTRPv2,GDSCv2,uno
r2,4,0.409846133058416,CTRPv2,GDSCv2,uno
r2,5,0.4375123379464365,CTRPv2,GDSCv2,uno
r2,6,0.4316810926711493,CTRPv2,GDSCv2,uno
r2,7,0.42400739831960876,CTRPv2,GDSCv2,uno
r2,8,0.42616643151660194,CTRPv2,GDSCv2,uno
r2,9,0.44290599968260425,CTRPv2,GDSCv2,uno
mse,0,0.02101490234163125,CTRPv2,gCSI,uno
mse,1,0.019813082222222222,CTRPv2,gCSI,uno
mse,2,0.020199512048168385,CTRPv2,gCSI,uno
mse,3,0.019354039817850634,CTRPv2,gCSI,uno
mse,4,0.019384942104837075,CTRPv2,gCSI,uno
mse,5,0.019043078480064764,CTRPv2,gCSI,uno
mse,6,0.01855827635701275,CTRPv2,gCSI,uno
mse,7,0.019758549710584904,CTRPv2,gCSI,uno
mse,8,0.021442348526614044,CTRPv2,gCSI,uno
mse,9,0.021070471337785873,CTRPv2,gCSI,uno
rmse,0,0.14496517630669528,CTRPv2,gCSI,uno
rmse,1,0.1407589507712466,CTRPv2,gCSI,uno
rmse,2,0.14212498741659887,CTRPv2,gCSI,uno
rmse,3,0.13911879750001663,CTRPv2,gCSI,uno
rmse,4,0.13922981758530417,CTRPv2,gCSI,uno
rmse,5,0.13799666111926318,CTRPv2,gCSI,uno
rmse,6,0.13622876479294949,CTRPv2,gCSI,uno
rmse,7,0.14056510843941644,CTRPv2,gCSI,uno
rmse,8,0.14643206112943313,CTRPv2,gCSI,uno
rmse,9,0.14515671303038613,CTRPv2,gCSI,uno
pcc,0,0.668162451281513,CTRPv2,gCSI,uno
pcc,1,0.694895777076259,CTRPv2,gCSI,uno
pcc,2,0.6878988796744822,CTRPv2,gCSI,uno
pcc,3,0.6990965258015392,CTRPv2,gCSI,uno
pcc,4,0.6969185276052532,CTRPv2,gCSI,uno
pcc,5,0.707609284943342,CTRPv2,gCSI,uno
pcc,6,0.7141337407660847,CTRPv2,gCSI,uno
pcc,7,0.6920692236062231,CTRPv2,gCSI,uno
pcc,8,0.6630004937377169,CTRPv2,gCSI,uno
pcc,9,0.6742689588521735,CTRPv2,gCSI,uno
scc,0,0.6532437107059345,CTRPv2,gCSI,uno
scc,1,0.6807598511661931,CTRPv2,gCSI,uno
scc,2,0.6720190310995949,CTRPv2,gCSI,uno
scc,3,0.6798254622593276,CTRPv2,gCSI,uno
scc,4,0.6855545199544323,CTRPv2,gCSI,uno
scc,5,0.691459953305872,CTRPv2,gCSI,uno
scc,6,0.6995042976434034,CTRPv2,gCSI,uno
scc,7,0.6742482389681534,CTRPv2,gCSI,uno
scc,8,0.6405381618229959,CTRPv2,gCSI,uno
scc,9,0.6502735707939485,CTRPv2,gCSI,uno
r2,0,0.41245333646261007,CTRPv2,gCSI,uno
r2,1,0.4460545109935058,CTRPv2,gCSI,uno
r2,2,0.43525048482031636,CTRPv2,gCSI,uno
r2,3,0.45888868118026915,CTRPv2,gCSI,uno
r2,4,0.458024697359674,CTRPv2,gCSI,uno
r2,5,0.46758271618148206,CTRPv2,gCSI,uno
r2,6,0.4811370913217732,CTRPv2,gCSI,uno
r2,7,0.44757916215514115,CTRPv2,gCSI,uno
r2,8,0.40050255145558666,CTRPv2,gCSI,uno
r2,9,0.4108997066738058,CTRPv2,gCSI,uno
mse,0,0.011121029587141508,GDSCv1,CCLE,uno
mse,1,0.011295707430402353,GDSCv1,CCLE,uno
mse,2,0.011310703666351509,GDSCv1,CCLE,uno
mse,3,0.011528032582204013,GDSCv1,CCLE,uno
mse,4,0.011558281420317262,GDSCv1,CCLE,uno
mse,5,0.010908758307595334,GDSCv1,CCLE,uno
mse,6,0.010988924398571277,GDSCv1,CCLE,uno
mse,7,0.010573362892110515,GDSCv1,CCLE,uno
mse,8,0.010515398561823722,GDSCv1,CCLE,uno
mse,9,0.010665273255594075,GDSCv1,CCLE,uno
rmse,0,0.10545629230700987,GDSCv1,CCLE,uno
rmse,1,0.10628126566052153,GDSCv1,CCLE,uno
rmse,2,0.10635179202228569,GDSCv1,CCLE,uno
rmse,3,0.10736867598235536,GDSCv1,CCLE,uno
rmse,4,0.10750944805140272,GDSCv1,CCLE,uno
rmse,5,0.10444500135284279,GDSCv1,CCLE,uno
rmse,6,0.10482807066130367,GDSCv1,CCLE,uno
rmse,7,0.10282685880697959,GDSCv1,CCLE,uno
rmse,8,0.10254461742004659,GDSCv1,CCLE,uno
rmse,9,0.1032728098561963,GDSCv1,CCLE,uno
pcc,0,0.7628579265369517,GDSCv1,CCLE,uno
pcc,1,0.7543112999246468,GDSCv1,CCLE,uno
pcc,2,0.7541426698808464,GDSCv1,CCLE,uno
pcc,3,0.7476701991642571,GDSCv1,CCLE,uno
pcc,4,0.7503394428352724,GDSCv1,CCLE,uno
pcc,5,0.7655206911308766,GDSCv1,CCLE,uno
pcc,6,0.7616693267439226,GDSCv1,CCLE,uno
pcc,7,0.7759700874668988,GDSCv1,CCLE,uno
pcc,8,0.7737622561375138,GDSCv1,CCLE,uno
pcc,9,0.770523331605913,GDSCv1,CCLE,uno
scc,0,0.6236874677195491,GDSCv1,CCLE,uno
scc,1,0.618544247504196,GDSCv1,CCLE,uno
scc,2,0.6278249363612894,GDSCv1,CCLE,uno
scc,3,0.6158771857181257,GDSCv1,CCLE,uno
scc,4,0.6112633030616927,GDSCv1,CCLE,uno
scc,5,0.6249719007188137,GDSCv1,CCLE,uno
scc,6,0.6215143378843504,GDSCv1,CCLE,uno
scc,7,0.6399157491397035,GDSCv1,CCLE,uno
scc,8,0.6340876317091176,GDSCv1,CCLE,uno
scc,9,0.6345429655097634,GDSCv1,CCLE,uno
r2,0,0.5718829578572258,GDSCv1,CCLE,uno
r2,1,0.5651585299615227,GDSCv1,CCLE,uno
r2,2,0.5645812323176742,GDSCv1,CCLE,uno
r2,3,0.5562149014939122,GDSCv1,CCLE,uno
r2,4,0.5550504370889013,GDSCv1,CCLE,uno
r2,5,0.5800545890554958,GDSCv1,CCLE,uno
r2,6,0.5769685016136952,GDSCv1,CCLE,uno
r2,7,0.5929660278841118,GDSCv1,CCLE,uno
r2,8,0.5951974325789489,GDSCv1,CCLE,uno
r2,9,0.5894278309349423,GDSCv1,CCLE,uno
mse,0,0.019568545923290253,GDSCv1,CTRPv2,uno
mse,1,0.020205117784766188,GDSCv1,CTRPv2,uno
mse,2,0.019734085941081055,GDSCv1,CTRPv2,uno
mse,3,0.0198569745802243,GDSCv1,CTRPv2,uno
mse,4,0.018642761898452893,GDSCv1,CTRPv2,uno
mse,5,0.01951172036356025,GDSCv1,CTRPv2,uno
mse,6,0.019854963386915038,GDSCv1,CTRPv2,uno
mse,7,0.019016708458304984,GDSCv1,CTRPv2,uno
mse,8,0.019176971017947776,GDSCv1,CTRPv2,uno
mse,9,0.02009432840821168,GDSCv1,CTRPv2,uno
rmse,0,0.13988761890635731,GDSCv1,CTRPv2,uno
rmse,1,0.14214470719926994,GDSCv1,CTRPv2,uno
rmse,2,0.14047806213455913,GDSCv1,CTRPv2,uno
rmse,3,0.14091477772123226,GDSCv1,CTRPv2,uno
rmse,4,0.13653849969313744,GDSCv1,CTRPv2,uno
rmse,5,0.13968435976715593,GDSCv1,CTRPv2,uno
rmse,6,0.14090764133614272,GDSCv1,CTRPv2,uno
rmse,7,0.1379010821505944,GDSCv1,CTRPv2,uno
rmse,8,0.13848094099170388,GDSCv1,CTRPv2,uno
rmse,9,0.14175446521436874,GDSCv1,CTRPv2,uno
pcc,0,0.4664347728013888,GDSCv1,CTRPv2,uno
pcc,1,0.45860232408865576,GDSCv1,CTRPv2,uno
pcc,2,0.4652379330598665,GDSCv1,CTRPv2,uno
pcc,3,0.46484479520803673,GDSCv1,CTRPv2,uno
pcc,4,0.47522691281820534,GDSCv1,CTRPv2,uno
pcc,5,0.4670341741633975,GDSCv1,CTRPv2,uno
pcc,6,0.4608457619867141,GDSCv1,CTRPv2,uno
pcc,7,0.46771476912444093,GDSCv1,CTRPv2,uno
pcc,8,0.4674974605481365,GDSCv1,CTRPv2,uno
pcc,9,0.456095224815865,GDSCv1,CTRPv2,uno
scc,0,0.2988332879377484,GDSCv1,CTRPv2,uno
scc,1,0.30110693209705236,GDSCv1,CTRPv2,uno
scc,2,0.2995134774318185,GDSCv1,CTRPv2,uno
scc,3,0.30372543434425503,GDSCv1,CTRPv2,uno
scc,4,0.3038149668914343,GDSCv1,CTRPv2,uno
scc,5,0.31411962971137875,GDSCv1,CTRPv2,uno
scc,6,0.30356638617916254,GDSCv1,CTRPv2,uno
scc,7,0.3144122601792677,GDSCv1,CTRPv2,uno
scc,8,0.3060874867395025,GDSCv1,CTRPv2,uno
scc,9,0.3122776896225856,GDSCv1,CTRPv2,uno
r2,0,0.06276420995138177,GDSCv1,CTRPv2,uno
r2,1,0.03227559143818781,GDSCv1,CTRPv2,uno
r2,2,0.054835668404809024,GDSCv1,CTRPv2,uno
r2,3,0.0489499152554993,GDSCv1,CTRPv2,uno
r2,4,0.10710464921213114,GDSCv1,CTRPv2,uno
r2,5,0.0654858709566134,GDSCv1,CTRPv2,uno
r2,6,0.04904624138813751,GDSCv1,CTRPv2,uno
r2,7,0.0891944733190001,GDSCv1,CTRPv2,uno
r2,8,0.08151869570676296,GDSCv1,CTRPv2,uno
r2,9,0.037581850230797964,GDSCv1,CTRPv2,uno
mse,0,0.007085308115621728,GDSCv1,GDSCv1,uno
mse,1,0.007331291568570432,GDSCv1,GDSCv1,uno
mse,2,0.006818060644410841,GDSCv1,GDSCv1,uno
mse,3,0.00703327003954868,GDSCv1,GDSCv1,uno
mse,4,0.0068100571775037795,GDSCv1,GDSCv1,uno
mse,5,0.006835631738978713,GDSCv1,GDSCv1,uno
mse,6,0.007101860240781669,GDSCv1,GDSCv1,uno
mse,7,0.006954032326974526,GDSCv1,GDSCv1,uno
mse,8,0.006932529916249854,GDSCv1,GDSCv1,uno
mse,9,0.0070530040787484,GDSCv1,GDSCv1,uno
rmse,0,0.08417427229041977,GDSCv1,GDSCv1,uno
rmse,1,0.08562296169001883,GDSCv1,GDSCv1,uno
rmse,2,0.08257154863759575,GDSCv1,GDSCv1,uno
rmse,3,0.08386459347989877,GDSCv1,GDSCv1,uno
rmse,4,0.08252307057728632,GDSCv1,GDSCv1,uno
rmse,5,0.08267787938123905,GDSCv1,GDSCv1,uno
rmse,6,0.08427253550701835,GDSCv1,GDSCv1,uno
rmse,7,0.08339084078587124,GDSCv1,GDSCv1,uno
rmse,8,0.08326181547534173,GDSCv1,GDSCv1,uno
rmse,9,0.0839821652420822,GDSCv1,GDSCv1,uno
pcc,0,0.8566716056506434,GDSCv1,GDSCv1,uno
pcc,1,0.8545222109025188,GDSCv1,GDSCv1,uno
pcc,2,0.8641969252657916,GDSCv1,GDSCv1,uno
pcc,3,0.8599077199077657,GDSCv1,GDSCv1,uno
pcc,4,0.8627007098162136,GDSCv1,GDSCv1,uno
pcc,5,0.8626113167102054,GDSCv1,GDSCv1,uno
pcc,6,0.8578634771692948,GDSCv1,GDSCv1,uno
pcc,7,0.8616608711064992,GDSCv1,GDSCv1,uno
pcc,8,0.8654070267762568,GDSCv1,GDSCv1,uno
pcc,9,0.8589065031177953,GDSCv1,GDSCv1,uno
scc,0,0.796456952468245,GDSCv1,GDSCv1,uno
scc,1,0.7886460720374939,GDSCv1,GDSCv1,uno
scc,2,0.7999538589023906,GDSCv1,GDSCv1,uno
scc,3,0.797126298096708,GDSCv1,GDSCv1,uno
scc,4,0.7963961195214083,GDSCv1,GDSCv1,uno
scc,5,0.7977705244110053,GDSCv1,GDSCv1,uno
scc,6,0.8041262079625227,GDSCv1,GDSCv1,uno
scc,7,0.7957546519234852,GDSCv1,GDSCv1,uno
scc,8,0.7995199908643017,GDSCv1,GDSCv1,uno
scc,9,0.796108567450014,GDSCv1,GDSCv1,uno
r2,0,0.733361319587251,GDSCv1,GDSCv1,uno
r2,1,0.7248673245263493,GDSCv1,GDSCv1,uno
r2,2,0.7450052156166305,GDSCv1,GDSCv1,uno
r2,3,0.7346765015037462,GDSCv1,GDSCv1,uno
r2,4,0.7431309984942633,GDSCv1,GDSCv1,uno
r2,5,0.7433559093429369,GDSCv1,GDSCv1,uno
r2,6,0.7335496963264301,GDSCv1,GDSCv1,uno
r2,7,0.7424344007404529,GDSCv1,GDSCv1,uno
r2,8,0.7481701128388786,GDSCv1,GDSCv1,uno
r2,9,0.7363023312536121,GDSCv1,GDSCv1,uno
mse,0,0.015787993655402812,GDSCv1,GDSCv2,uno
mse,1,0.015802123839974182,GDSCv1,GDSCv2,uno
mse,2,0.016028545060447996,GDSCv1,GDSCv2,uno
mse,3,0.01590449055118454,GDSCv1,GDSCv2,uno
mse,4,0.015085407270245283,GDSCv1,GDSCv2,uno
mse,5,0.015936247008914554,GDSCv1,GDSCv2,uno
mse,6,0.015727200078067757,GDSCv1,GDSCv2,uno
mse,7,0.01572569868139632,GDSCv1,GDSCv2,uno
mse,8,0.015965695978071244,GDSCv1,GDSCv2,uno
mse,9,0.016249036903806566,GDSCv1,GDSCv2,uno
rmse,0,0.1256502831489162,GDSCv1,GDSCv2,uno
rmse,1,0.12570649879769216,GDSCv1,GDSCv2,uno
rmse,2,0.12660389038433217,GDSCv1,GDSCv2,uno
rmse,3,0.12611300706582387,GDSCv1,GDSCv2,uno
rmse,4,0.12282266594666183,GDSCv1,GDSCv2,uno
rmse,5,0.12623884904780522,GDSCv1,GDSCv2,uno
rmse,6,0.12540813401876194,GDSCv1,GDSCv2,uno
rmse,7,0.1254021478340635,GDSCv1,GDSCv2,uno
rmse,8,0.1263554350950969,GDSCv1,GDSCv2,uno
rmse,9,0.1274717102097817,GDSCv1,GDSCv2,uno
pcc,0,0.6618237469191609,GDSCv1,GDSCv2,uno
pcc,1,0.6583177182474985,GDSCv1,GDSCv2,uno
pcc,2,0.6564149785309448,GDSCv1,GDSCv2,uno
pcc,3,0.6540436774115511,GDSCv1,GDSCv2,uno
pcc,4,0.6643926470938865,GDSCv1,GDSCv2,uno
pcc,5,0.6584177299070239,GDSCv1,GDSCv2,uno
pcc,6,0.6536877873181505,GDSCv1,GDSCv2,uno
pcc,7,0.6661258289869157,GDSCv1,GDSCv2,uno
pcc,8,0.6525073220750358,GDSCv1,GDSCv2,uno
pcc,9,0.6535309661560234,GDSCv1,GDSCv2,uno
scc,0,0.47957118251139463,GDSCv1,GDSCv2,uno
scc,1,0.4802828297753123,GDSCv1,GDSCv2,uno
scc,2,0.4809686481346139,GDSCv1,GDSCv2,uno
scc,3,0.4795373827578163,GDSCv1,GDSCv2,uno
scc,4,0.4876728802259793,GDSCv1,GDSCv2,uno
scc,5,0.48665836102811355,GDSCv1,GDSCv2,uno
scc,6,0.4833150488698826,GDSCv1,GDSCv2,uno
scc,7,0.4936740996617518,GDSCv1,GDSCv2,uno
scc,8,0.4774623312281436,GDSCv1,GDSCv2,uno
scc,9,0.48225005136014826,GDSCv1,GDSCv2,uno
r2,0,0.3272190485326225,GDSCv1,GDSCv2,uno
r2,1,0.3266169125533568,GDSCv1,GDSCv2,uno
r2,2,0.3169683221455031,GDSCv1,GDSCv2,uno
r2,3,0.32225471334870226,GDSCv1,GDSCv2,uno
r2,4,0.35715868158615816,GDSCv1,GDSCv2,uno
r2,5,0.32090146097774497,GDSCv1,GDSCv2,uno
r2,6,0.3298096728827019,GDSCv1,GDSCv2,uno
r2,7,0.32987365258165435,GDSCv1,GDSCv2,uno
r2,8,0.3196465386664359,GDSCv1,GDSCv2,uno
r2,9,0.30757240298038413,GDSCv1,GDSCv2,uno
mse,0,0.019431527132159482,GDSCv1,gCSI,uno
mse,1,0.018718077251568512,GDSCv1,gCSI,uno
mse,2,0.01974242502529852,GDSCv1,gCSI,uno
mse,3,0.018815526755717467,GDSCv1,gCSI,uno
mse,4,0.017993404308844364,GDSCv1,gCSI,uno
mse,5,0.02009658413681441,GDSCv1,gCSI,uno
mse,6,0.019307727532888078,GDSCv1,gCSI,uno
mse,7,0.020963943317142276,GDSCv1,gCSI,uno
mse,8,0.019485017071443025,GDSCv1,gCSI,uno
mse,9,0.020016895776158675,GDSCv1,gCSI,uno
rmse,0,0.13939701263714183,GDSCv1,gCSI,uno
rmse,1,0.1368140243234169,GDSCv1,gCSI,uno
rmse,2,0.14050774009035416,GDSCv1,gCSI,uno
rmse,3,0.137169700574571,GDSCv1,gCSI,uno
rmse,4,0.13413949570817824,GDSCv1,gCSI,uno
rmse,5,0.14176242145510357,GDSCv1,gCSI,uno
rmse,6,0.13895224911057782,GDSCv1,gCSI,uno
rmse,7,0.14478930663948314,GDSCv1,gCSI,uno
rmse,8,0.13958874263866347,GDSCv1,gCSI,uno
rmse,9,0.1414810792161223,GDSCv1,gCSI,uno
pcc,0,0.749496319288781,GDSCv1,gCSI,uno
pcc,1,0.7421079737687449,GDSCv1,gCSI,uno
pcc,2,0.7405134802141646,GDSCv1,gCSI,uno
pcc,3,0.7400421008532899,GDSCv1,gCSI,uno
pcc,4,0.7452519300715938,GDSCv1,gCSI,uno
pcc,5,0.734467052374598,GDSCv1,gCSI,uno
pcc,6,0.7355621578249596,GDSCv1,gCSI,uno
pcc,7,0.736078024329114,GDSCv1,gCSI,uno
pcc,8,0.7370209036191022,GDSCv1,gCSI,uno
pcc,9,0.7363099220884012,GDSCv1,gCSI,uno
scc,0,0.7428339405282557,GDSCv1,gCSI,uno
scc,1,0.7372272396741023,GDSCv1,gCSI,uno
scc,2,0.7329947595594624,GDSCv1,gCSI,uno
scc,3,0.7349824491439942,GDSCv1,gCSI,uno
scc,4,0.7390744460060389,GDSCv1,gCSI,uno
scc,5,0.7288091834609336,GDSCv1,gCSI,uno
scc,6,0.7317885526901596,GDSCv1,gCSI,uno
scc,7,0.7351626377765541,GDSCv1,gCSI,uno
scc,8,0.7314711372129552,GDSCv1,gCSI,uno
scc,9,0.7335443777259738,GDSCv1,gCSI,uno
r2,0,0.4567222465117414,GDSCv1,gCSI,uno
r2,1,0.47666928648022855,GDSCv1,gCSI,uno
r2,2,0.4480299853322651,GDSCv1,gCSI,uno
r2,3,0.47394473748660015,GDSCv1,gCSI,uno
r2,4,0.49693010724121367,GDSCv1,gCSI,uno
r2,5,0.4381282022571039,GDSCv1,gCSI,uno
r2,6,0.46018350654125295,GDSCv1,gCSI,uno
r2,7,0.4138780780259482,GDSCv1,gCSI,uno
r2,8,0.4552267441844903,GDSCv1,gCSI,uno
r2,9,0.44035617503874713,GDSCv1,gCSI,uno
mse,0,0.018733665722239733,GDSCv2,CCLE,uno
mse,1,0.019273048488286586,GDSCv2,CCLE,uno
mse,2,0.020082240830969638,GDSCv2,CCLE,uno
mse,3,0.019202614034037186,GDSCv2,CCLE,uno
mse,4,0.019421194940645026,GDSCv2,CCLE,uno
mse,5,0.020016949242567496,GDSCv2,CCLE,uno
mse,6,0.019726515117134153,GDSCv2,CCLE,uno
mse,7,0.020031718344363902,GDSCv2,CCLE,uno
mse,8,0.019556724193717824,GDSCv2,CCLE,uno
mse,9,0.019780447716146655,GDSCv2,CCLE,uno
rmse,0,0.1368709820313997,GDSCv2,CCLE,uno
rmse,1,0.1388274053934834,GDSCv2,CCLE,uno
rmse,2,0.1417118231869509,GDSCv2,CCLE,uno
rmse,3,0.13857349686732015,GDSCv2,CCLE,uno
rmse,4,0.13935994740471533,GDSCv2,CCLE,uno
rmse,5,0.1414812681685017,GDSCv2,CCLE,uno
rmse,6,0.14045111290813667,GDSCv2,CCLE,uno
rmse,7,0.14153345309277204,GDSCv2,CCLE,uno
rmse,8,0.1398453581414765,GDSCv2,CCLE,uno
rmse,9,0.14064297961912872,GDSCv2,CCLE,uno
pcc,0,0.5674294364487976,GDSCv2,CCLE,uno
pcc,1,0.5507707475597624,GDSCv2,CCLE,uno
pcc,2,0.5314460638424461,GDSCv2,CCLE,uno
pcc,3,0.5496377068840227,GDSCv2,CCLE,uno
pcc,4,0.5481025720412025,GDSCv2,CCLE,uno
pcc,5,0.5347463918415162,GDSCv2,CCLE,uno
pcc,6,0.5327686776087199,GDSCv2,CCLE,uno
pcc,7,0.5258157403284838,GDSCv2,CCLE,uno
pcc,8,0.5317018932396262,GDSCv2,CCLE,uno
pcc,9,0.533571763851595,GDSCv2,CCLE,uno
scc,0,0.39840740739525743,GDSCv2,CCLE,uno
scc,1,0.40436271735150137,GDSCv2,CCLE,uno
scc,2,0.3592972952859202,GDSCv2,CCLE,uno
scc,3,0.3792492580586378,GDSCv2,CCLE,uno
scc,4,0.3984257934969116,GDSCv2,CCLE,uno
scc,5,0.3561920249177416,GDSCv2,CCLE,uno
scc,6,0.3772311966237906,GDSCv2,CCLE,uno
scc,7,0.341984299933874,GDSCv2,CCLE,uno
scc,8,0.37988621478602475,GDSCv2,CCLE,uno
scc,9,0.37379571214698704,GDSCv2,CCLE,uno
r2,0,0.2788256253926372,GDSCv2,CCLE,uno
r2,1,0.2580614549016459,GDSCv2,CCLE,uno
r2,2,0.22691064916378467,GDSCv2,CCLE,uno
r2,3,0.26077291160463467,GDSCv2,CCLE,uno
r2,4,0.2523583839323019,GDSCv2,CCLE,uno
r2,5,0.22942412523041145,GDSCv2,CCLE,uno
r2,6,0.2406047266076088,GDSCv2,CCLE,uno
r2,7,0.22885557138145007,GDSCv2,CCLE,uno
r2,8,0.24714102680770322,GDSCv2,CCLE,uno
r2,9,0.23852852812406178,GDSCv2,CCLE,uno
mse,0,0.0210091787651091,GDSCv2,CTRPv2,uno
mse,1,0.02002982335653115,GDSCv2,CTRPv2,uno
mse,2,0.020428307490764477,GDSCv2,CTRPv2,uno
mse,3,0.019674205043378162,GDSCv2,CTRPv2,uno
mse,4,0.020533166592259258,GDSCv2,CTRPv2,uno
mse,5,0.020121384775399855,GDSCv2,CTRPv2,uno
mse,6,0.02052808802836063,GDSCv2,CTRPv2,uno
mse,7,0.020346462430990885,GDSCv2,CTRPv2,uno
mse,8,0.021137198660143373,GDSCv2,CTRPv2,uno
mse,9,0.021131644150559015,GDSCv2,CTRPv2,uno
rmse,0,0.14494543375046037,GDSCv2,CTRPv2,uno
rmse,1,0.14152675844705534,GDSCv2,CTRPv2,uno
rmse,2,0.14292763025658992,GDSCv2,CTRPv2,uno
rmse,3,0.14026476764810955,GDSCv2,CTRPv2,uno
rmse,4,0.14329398658792092,GDSCv2,CTRPv2,uno
rmse,5,0.14184986702637353,GDSCv2,CTRPv2,uno
rmse,6,0.14327626470689633,GDSCv2,CTRPv2,uno
rmse,7,0.1426410264650072,GDSCv2,CTRPv2,uno
rmse,8,0.14538637714773475,GDSCv2,CTRPv2,uno
rmse,9,0.1453672733133528,GDSCv2,CTRPv2,uno
pcc,0,0.3681038942438661,GDSCv2,CTRPv2,uno
pcc,1,0.3874328982796969,GDSCv2,CTRPv2,uno
pcc,2,0.3776216597402234,GDSCv2,CTRPv2,uno
pcc,3,0.3953442364294852,GDSCv2,CTRPv2,uno
pcc,4,0.3749825251990902,GDSCv2,CTRPv2,uno
pcc,5,0.3747320713821464,GDSCv2,CTRPv2,uno
pcc,6,0.378159112319083,GDSCv2,CTRPv2,uno
pcc,7,0.37303090117033877,GDSCv2,CTRPv2,uno
pcc,8,0.36840209130547796,GDSCv2,CTRPv2,uno
pcc,9,0.36700703269761237,GDSCv2,CTRPv2,uno
scc,0,0.25937090214403735,GDSCv2,CTRPv2,uno
scc,1,0.25713220017966604,GDSCv2,CTRPv2,uno
scc,2,0.24612471078697104,GDSCv2,CTRPv2,uno
scc,3,0.26626097553613864,GDSCv2,CTRPv2,uno
scc,4,0.2530200334034143,GDSCv2,CTRPv2,uno
scc,5,0.2480274801675972,GDSCv2,CTRPv2,uno
scc,6,0.25622118581074504,GDSCv2,CTRPv2,uno
scc,7,0.2559438432770213,GDSCv2,CTRPv2,uno
scc,8,0.2556291483231615,GDSCv2,CTRPv2,uno
scc,9,0.25119324117407776,GDSCv2,CTRPv2,uno
r2,0,-0.0062349208458158945,GDSCv2,CTRPv2,uno
r2,1,0.04067132061408152,GDSCv2,CTRPv2,uno
r2,2,0.021585917241033203,GDSCv2,CTRPv2,uno
r2,3,0.057703664866446736,GDSCv2,CTRPv2,uno
r2,4,0.01656368905818817,GDSCv2,CTRPv2,uno
r2,5,0.03628598513295889,GDSCv2,CTRPv2,uno
r2,6,0.016806926949572643,GDSCv2,CTRPv2,uno
r2,7,0.025505887562751628,GDSCv2,CTRPv2,uno
r2,8,-0.012366435570248413,GDSCv2,CTRPv2,uno
r2,9,-0.012100402253361286,GDSCv2,CTRPv2,uno
mse,0,0.021529801599220657,GDSCv2,GDSCv1,uno
mse,1,0.021366612073630338,GDSCv2,GDSCv1,uno
mse,2,0.021857795192974296,GDSCv2,GDSCv1,uno
mse,3,0.021539109108468072,GDSCv2,GDSCv1,uno
mse,4,0.021374120173025472,GDSCv2,GDSCv1,uno
mse,5,0.021704696113179017,GDSCv2,GDSCv1,uno
mse,6,0.021939832063277882,GDSCv2,GDSCv1,uno
mse,7,0.02195132217668954,GDSCv2,GDSCv1,uno
mse,8,0.021740492360590908,GDSCv2,GDSCv1,uno
mse,9,0.021915306558974064,GDSCv2,GDSCv1,uno
rmse,0,0.14673037040510958,GDSCv2,GDSCv1,uno
rmse,1,0.14617322625443532,GDSCv2,GDSCv1,uno
rmse,2,0.14784382027320012,GDSCv2,GDSCv1,uno
rmse,3,0.1467620833473962,GDSCv2,GDSCv1,uno
rmse,4,0.14619890619640583,GDSCv2,GDSCv1,uno
rmse,5,0.14732513741103048,GDSCv2,GDSCv1,uno
rmse,6,0.14812100480106757,GDSCv2,GDSCv1,uno
rmse,7,0.14815978596329551,GDSCv2,GDSCv1,uno
rmse,8,0.14744657459768576,GDSCv2,GDSCv1,uno
rmse,9,0.14803819290633774,GDSCv2,GDSCv1,uno
pcc,0,0.46549539139941865,GDSCv2,GDSCv1,uno
pcc,1,0.4699191143690492,GDSCv2,GDSCv1,uno
pcc,2,0.466845710555198,GDSCv2,GDSCv1,uno
pcc,3,0.465508925643314,GDSCv2,GDSCv1,uno
pcc,4,0.46688077572784975,GDSCv2,GDSCv1,uno
pcc,5,0.46242681671859814,GDSCv2,GDSCv1,uno
pcc,6,0.4573012699461879,GDSCv2,GDSCv1,uno
pcc,7,0.45695783902071585,GDSCv2,GDSCv1,uno
pcc,8,0.4609187472368984,GDSCv2,GDSCv1,uno
pcc,9,0.45811502629086415,GDSCv2,GDSCv1,uno
scc,0,0.35685953727778225,GDSCv2,GDSCv1,uno
scc,1,0.3530332598355432,GDSCv2,GDSCv1,uno
scc,2,0.3465379543863086,GDSCv2,GDSCv1,uno
scc,3,0.36124622623340386,GDSCv2,GDSCv1,uno
scc,4,0.3569520452492601,GDSCv2,GDSCv1,uno
scc,5,0.34806095601516196,GDSCv2,GDSCv1,uno
scc,6,0.3497896063108018,GDSCv2,GDSCv1,uno
scc,7,0.3461637313437064,GDSCv2,GDSCv1,uno
scc,8,0.34828475533325487,GDSCv2,GDSCv1,uno
scc,9,0.35011780509070695,GDSCv2,GDSCv1,uno
r2,0,0.19528804242957987,GDSCv2,GDSCv1,uno
r2,1,0.20138752095879797,GDSCv2,GDSCv1,uno
r2,2,0.1830287391710863,GDSCv2,GDSCv1,uno
r2,3,0.19494015887143024,GDSCv2,GDSCv1,uno
r2,4,0.20110689332114673,GDSCv2,GDSCv1,uno
r2,5,0.18875107059325535,GDSCv2,GDSCv1,uno
r2,6,0.17996247540684696,GDSCv2,GDSCv1,uno
r2,7,0.17953301340676353,GDSCv2,GDSCv1,uno
r2,8,0.187413126618447,GDSCv2,GDSCv1,uno
r2,9,0.1808791567096344,GDSCv2,GDSCv1,uno
mse,0,0.0051194786444521976,GDSCv2,GDSCv2,uno
mse,1,0.0053966583820322725,GDSCv2,GDSCv2,uno
mse,2,0.005453796726559093,GDSCv2,GDSCv2,uno
mse,3,0.005312602639337113,GDSCv2,GDSCv2,uno
mse,4,0.005392727071958134,GDSCv2,GDSCv2,uno
mse,5,0.005247623836357292,GDSCv2,GDSCv2,uno
mse,6,0.0052006192890788555,GDSCv2,GDSCv2,uno
mse,7,0.005263774370202373,GDSCv2,GDSCv2,uno
mse,8,0.005155291939986044,GDSCv2,GDSCv2,uno
mse,9,0.005270887347348221,GDSCv2,GDSCv2,uno
rmse,0,0.0715505321046056,GDSCv2,GDSCv2,uno
rmse,1,0.07346195193453732,GDSCv2,GDSCv2,uno
rmse,2,0.0738498255012095,GDSCv2,GDSCv2,uno
rmse,3,0.07288760278220922,GDSCv2,GDSCv2,uno
rmse,4,0.07343518960252049,GDSCv2,GDSCv2,uno
rmse,5,0.07244048478825423,GDSCv2,GDSCv2,uno
rmse,6,0.07211531937860953,GDSCv2,GDSCv2,uno
rmse,7,0.07255187365052934,GDSCv2,GDSCv2,uno
rmse,8,0.07180036169815612,GDSCv2,GDSCv2,uno
rmse,9,0.07260087704255522,GDSCv2,GDSCv2,uno
pcc,0,0.8906140669665289,GDSCv2,GDSCv2,uno
pcc,1,0.878772001794332,GDSCv2,GDSCv2,uno
pcc,2,0.876925419036106,GDSCv2,GDSCv2,uno
pcc,3,0.8844722465111118,GDSCv2,GDSCv2,uno
pcc,4,0.875593928815253,GDSCv2,GDSCv2,uno
pcc,5,0.8834518040789971,GDSCv2,GDSCv2,uno
pcc,6,0.8850034284382712,GDSCv2,GDSCv2,uno
pcc,7,0.8810936047184831,GDSCv2,GDSCv2,uno
pcc,8,0.8867536597211388,GDSCv2,GDSCv2,uno
pcc,9,0.8819048037001308,GDSCv2,GDSCv2,uno
scc,0,0.8109827239078007,GDSCv2,GDSCv2,uno
scc,1,0.8034251377927561,GDSCv2,GDSCv2,uno
scc,2,0.8072764896192811,GDSCv2,GDSCv2,uno
scc,3,0.8102852735990262,GDSCv2,GDSCv2,uno
scc,4,0.7947247886918517,GDSCv2,GDSCv2,uno
scc,5,0.8117631103300449,GDSCv2,GDSCv2,uno
scc,6,0.8132692640858061,GDSCv2,GDSCv2,uno
scc,7,0.8065233189484753,GDSCv2,GDSCv2,uno
scc,8,0.8070900606763165,GDSCv2,GDSCv2,uno
scc,9,0.8025115107973805,GDSCv2,GDSCv2,uno
r2,0,0.7862680296940847,GDSCv2,GDSCv2,uno
r2,1,0.7676047511269809,GDSCv2,GDSCv2,uno
r2,2,0.7675569283703094,GDSCv2,GDSCv2,uno
r2,3,0.7785743230574053,GDSCv2,GDSCv2,uno
r2,4,0.7622677635233612,GDSCv2,GDSCv2,uno
r2,5,0.7777352012303651,GDSCv2,GDSCv2,uno
r2,6,0.7776895248378443,GDSCv2,GDSCv2,uno
r2,7,0.7745007672117545,GDSCv2,GDSCv2,uno
r2,8,0.7815223455844051,GDSCv2,GDSCv2,uno
r2,9,0.7746594474853206,GDSCv2,GDSCv2,uno
mse,0,0.015804573005464482,GDSCv2,gCSI,uno
mse,1,0.016130866802266747,GDSCv2,gCSI,uno
mse,2,0.016018094173244284,GDSCv2,gCSI,uno
mse,3,0.015621014612426633,GDSCv2,gCSI,uno
mse,4,0.015473356927747421,GDSCv2,gCSI,uno
mse,5,0.016203835377453957,GDSCv2,gCSI,uno
mse,6,0.015309516017000606,GDSCv2,gCSI,uno
mse,7,0.016614117502529852,GDSCv2,gCSI,uno
mse,8,0.01653755079538555,GDSCv2,gCSI,uno
mse,9,0.015799261105039465,GDSCv2,gCSI,uno
rmse,0,0.125716240022777,GDSCv2,gCSI,uno
rmse,1,0.12700734940257097,GDSCv2,gCSI,uno
rmse,2,0.12656260969672,GDSCv2,gCSI,uno
rmse,3,0.12498405743304476,GDSCv2,gCSI,uno
rmse,4,0.12439194880597144,GDSCv2,gCSI,uno
rmse,5,0.1272942865075018,GDSCv2,gCSI,uno
rmse,6,0.12373162900811016,GDSCv2,gCSI,uno
rmse,7,0.1288957621589238,GDSCv2,gCSI,uno
rmse,8,0.12859840899243485,GDSCv2,gCSI,uno
rmse,9,0.12569511169906117,GDSCv2,gCSI,uno
pcc,0,0.756107369236047,GDSCv2,gCSI,uno
pcc,1,0.7503004698687802,GDSCv2,gCSI,uno
pcc,2,0.7576421691227895,GDSCv2,gCSI,uno
pcc,3,0.7593678946036462,GDSCv2,gCSI,uno
pcc,4,0.7618839097322762,GDSCv2,gCSI,uno
pcc,5,0.7533269847609665,GDSCv2,gCSI,uno
pcc,6,0.7631862934650324,GDSCv2,gCSI,uno
pcc,7,0.7434737616534997,GDSCv2,gCSI,uno
pcc,8,0.7429662952883782,GDSCv2,gCSI,uno
pcc,9,0.7566119851190555,GDSCv2,gCSI,uno
scc,0,0.747207855022121,GDSCv2,gCSI,uno
scc,1,0.7407303246463864,GDSCv2,gCSI,uno
scc,2,0.7446183674145542,GDSCv2,gCSI,uno
scc,3,0.7555411804548061,GDSCv2,gCSI,uno
scc,4,0.7456044311813143,GDSCv2,gCSI,uno
scc,5,0.7360967305341872,GDSCv2,gCSI,uno
scc,6,0.7482020298818542,GDSCv2,gCSI,uno
scc,7,0.7250434524067768,GDSCv2,gCSI,uno
scc,8,0.7239343760896914,GDSCv2,gCSI,uno
scc,9,0.7440067969152179,GDSCv2,gCSI,uno
r2,0,0.5581267051811124,GDSCv2,gCSI,uno
r2,1,0.5490039965181115,GDSCv2,gCSI,uno
r2,2,0.5521569582042206,GDSCv2,gCSI,uno
r2,3,0.563258735758291,GDSCv2,gCSI,uno
r2,4,0.5673870337902576,GDSCv2,gCSI,uno
r2,5,0.5469638993433847,GDSCv2,gCSI,uno
r2,6,0.5719677917160042,GDSCv2,gCSI,uno
r2,7,0.5354929969438135,GDSCv2,gCSI,uno
r2,8,0.537633692750501,GDSCv2,gCSI,uno
r2,9,0.5582752183324479,GDSCv2,gCSI,uno
mse,0,0.032304449403298664,gCSI,CCLE,uno
mse,1,0.032492335702279655,gCSI,CCLE,uno
mse,2,0.032642271063136885,gCSI,CCLE,uno
mse,3,0.029972209150120815,gCSI,CCLE,uno
mse,4,0.03099473259586091,gCSI,CCLE,uno
mse,5,0.032101247453514024,gCSI,CCLE,uno
mse,6,0.03181126196659313,gCSI,CCLE,uno
mse,7,0.03030318860699653,gCSI,CCLE,uno
mse,8,0.03267321699128059,gCSI,CCLE,uno
mse,9,0.03125721406345205,gCSI,CCLE,uno
rmse,0,0.17973438570095224,gCSI,CCLE,uno
rmse,1,0.18025630558257777,gCSI,CCLE,uno
rmse,2,0.18067172181372734,gCSI,CCLE,uno
rmse,3,0.17312483689557895,gCSI,CCLE,uno
rmse,4,0.17605320955853349,gCSI,CCLE,uno
rmse,5,0.1791682099411445,gCSI,CCLE,uno
rmse,6,0.17835711919234717,gCSI,CCLE,uno
rmse,7,0.1740781106486296,gCSI,CCLE,uno
rmse,8,0.1807573428419454,gCSI,CCLE,uno
rmse,9,0.17679709857192807,gCSI,CCLE,uno
pcc,0,0.33986768205382434,gCSI,CCLE,uno
pcc,1,0.34536945269109953,gCSI,CCLE,uno
pcc,2,0.34105879293664226,gCSI,CCLE,uno
pcc,3,0.37475639340527245,gCSI,CCLE,uno
pcc,4,0.283069514549119,gCSI,CCLE,uno
pcc,5,0.34253798025618626,gCSI,CCLE,uno
pcc,6,0.3686677940847285,gCSI,CCLE,uno
pcc,7,0.3600087144273961,gCSI,CCLE,uno
pcc,8,0.33719767370553194,gCSI,CCLE,uno
pcc,9,0.3363356129458673,gCSI,CCLE,uno
scc,0,0.21403694682710075,gCSI,CCLE,uno
scc,1,0.22088341555042632,gCSI,CCLE,uno
scc,2,0.20732889142325342,gCSI,CCLE,uno
scc,3,0.243889061845531,gCSI,CCLE,uno
scc,4,0.13818173261955677,gCSI,CCLE,uno
scc,5,0.22140618713957658,gCSI,CCLE,uno
scc,6,0.24423292311451927,gCSI,CCLE,uno
scc,7,0.2248739080020622,gCSI,CCLE,uno
scc,8,0.20086200590582756,gCSI,CCLE,uno
scc,9,0.20228466395876174,gCSI,CCLE,uno
r2,0,-0.24359756605466854,gCSI,CCLE,uno
r2,1,-0.2508304689031511,gCSI,CCLE,uno
r2,2,-0.25660240599762885,gCSI,CCLE,uno
r2,3,-0.15381524950447423,gCSI,CCLE,uno
r2,4,-0.1931784855863239,gCSI,CCLE,uno
r2,5,-0.23577506931389647,gCSI,CCLE,uno
r2,6,-0.22461173880100493,gCSI,CCLE,uno
r2,7,-0.1665566908411189,gCSI,CCLE,uno
r2,8,-0.2577937056987434,gCSI,CCLE,uno
r2,9,-0.20328301670386906,gCSI,CCLE,uno
mse,0,0.0552633655731952,gCSI,CTRPv2,uno
mse,1,0.056811040385746435,gCSI,CTRPv2,uno
mse,2,0.05651990878959761,gCSI,CTRPv2,uno
mse,3,0.05071468156457888,gCSI,CTRPv2,uno
mse,4,0.0384768526043291,gCSI,CTRPv2,uno
mse,5,0.05420424626107128,gCSI,CTRPv2,uno
mse,6,0.05444603571178902,gCSI,CTRPv2,uno
mse,7,0.04853404484544679,gCSI,CTRPv2,uno
mse,8,0.053785387655591016,gCSI,CTRPv2,uno
mse,9,0.050190847246158424,gCSI,CTRPv2,uno
rmse,0,0.2350816147068826,gCSI,CTRPv2,uno
rmse,1,0.23835066684560888,gCSI,CTRPv2,uno
rmse,2,0.23773916124525554,gCSI,CTRPv2,uno
rmse,3,0.2251992041828276,gCSI,CTRPv2,uno
rmse,4,0.1961551748089484,gCSI,CTRPv2,uno
rmse,5,0.23281805398437486,gCSI,CTRPv2,uno
rmse,6,0.23333674316701392,gCSI,CTRPv2,uno
rmse,7,0.22030443673572891,gCSI,CTRPv2,uno
rmse,8,0.23191676881068995,gCSI,CTRPv2,uno
rmse,9,0.22403313872317734,gCSI,CTRPv2,uno
pcc,0,0.15039032628367568,gCSI,CTRPv2,uno
pcc,1,0.144703708341248,gCSI,CTRPv2,uno
pcc,2,0.15015624771721964,gCSI,CTRPv2,uno
pcc,3,0.15839449948433706,gCSI,CTRPv2,uno
pcc,4,0.17677914430284603,gCSI,CTRPv2,uno
pcc,5,0.161491041182543,gCSI,CTRPv2,uno
pcc,6,0.16509553096688423,gCSI,CTRPv2,uno
pcc,7,0.16161785030729944,gCSI,CTRPv2,uno
pcc,8,0.1578196232463081,gCSI,CTRPv2,uno
pcc,9,0.16505266966445542,gCSI,CTRPv2,uno
scc,0,0.05466949166821201,gCSI,CTRPv2,uno
scc,1,0.04136995320071504,gCSI,CTRPv2,uno
scc,2,0.054801422884862935,gCSI,CTRPv2,uno
scc,3,0.0609568391557162,gCSI,CTRPv2,uno
scc,4,0.06510537298744784,gCSI,CTRPv2,uno
scc,5,0.068082626599497,gCSI,CTRPv2,uno
scc,6,0.06932081489559065,gCSI,CTRPv2,uno
scc,7,0.05740715487891116,gCSI,CTRPv2,uno
scc,8,0.05533948772042232,gCSI,CTRPv2,uno
scc,9,0.06078605630459093,gCSI,CTRPv2,uno
r2,0,-1.6468396934947345,gCSI,CTRPv2,uno
r2,1,-1.720965601028487,gCSI,CTRPv2,uno
r2,2,-1.7070218490198155,gCSI,CTRPv2,uno
r2,3,-1.4289804071068257,gCSI,CTRPv2,uno
r2,4,-0.8428494120394598,gCSI,CTRPv2,uno
r2,5,-1.596113158720744,gCSI,CTRPv2,uno
r2,6,-1.6076936679602758,gCSI,CTRPv2,uno
r2,7,-1.324538779901796,gCSI,CTRPv2,uno
r2,8,-1.5760519197526137,gCSI,CTRPv2,uno
r2,9,-1.4038913548489855,gCSI,CTRPv2,uno
mse,0,0.04345305592247296,gCSI,GDSCv1,uno
mse,1,0.04481653135076189,gCSI,GDSCv1,uno
mse,2,0.04501340603838548,gCSI,GDSCv1,uno
mse,3,0.04042570652733511,gCSI,GDSCv1,uno
mse,4,0.032298707447423525,gCSI,GDSCv1,uno
mse,5,0.04252347899744095,gCSI,GDSCv1,uno
mse,6,0.043088226863847855,gCSI,GDSCv1,uno
mse,7,0.03856768098807724,gCSI,GDSCv1,uno
mse,8,0.04281916644707456,gCSI,GDSCv1,uno
mse,9,0.039910649938815865,gCSI,GDSCv1,uno
rmse,0,0.20845396595525104,gCSI,GDSCv1,uno
rmse,1,0.21169915292877742,gCSI,GDSCv1,uno
rmse,2,0.21216363033843827,gCSI,GDSCv1,uno
rmse,3,0.20106144963004496,gCSI,GDSCv1,uno
rmse,4,0.17971841154267842,gCSI,GDSCv1,uno
rmse,5,0.20621221835148604,gCSI,GDSCv1,uno
rmse,6,0.20757703838297686,gCSI,GDSCv1,uno
rmse,7,0.19638656010042346,gCSI,GDSCv1,uno
rmse,8,0.2069279257303725,gCSI,GDSCv1,uno
rmse,9,0.19977649996637709,gCSI,GDSCv1,uno
pcc,0,0.2101554603417262,gCSI,GDSCv1,uno
pcc,1,0.20309946514215485,gCSI,GDSCv1,uno
pcc,2,0.19957318441793495,gCSI,GDSCv1,uno
pcc,3,0.21490716656520126,gCSI,GDSCv1,uno
pcc,4,0.23987211241398096,gCSI,GDSCv1,uno
pcc,5,0.21921900589817067,gCSI,GDSCv1,uno
pcc,6,0.22001799515808532,gCSI,GDSCv1,uno
pcc,7,0.22014438552774318,gCSI,GDSCv1,uno
pcc,8,0.20784494719530444,gCSI,GDSCv1,uno
pcc,9,0.216002550991015,gCSI,GDSCv1,uno
scc,0,0.14053964708842479,gCSI,GDSCv1,uno
scc,1,0.13883642779836242,gCSI,GDSCv1,uno
scc,2,0.12521421623457793,gCSI,GDSCv1,uno
scc,3,0.14443524237248928,gCSI,GDSCv1,uno
scc,4,0.16347527729650946,gCSI,GDSCv1,uno
scc,5,0.15371152351564576,gCSI,GDSCv1,uno
scc,6,0.14805729956105212,gCSI,GDSCv1,uno
scc,7,0.14310770921652607,gCSI,GDSCv1,uno
scc,8,0.1311668457466781,gCSI,GDSCv1,uno
scc,9,0.1440357194499208,gCSI,GDSCv1,uno
r2,0,-0.6241298617009043,gCSI,GDSCv1,uno
r2,1,-0.6750920118136703,gCSI,GDSCv1,uno
r2,2,-0.6824505290087093,gCSI,GDSCv1,uno
r2,3,-0.5109776690629941,gCSI,GDSCv1,uno
r2,4,-0.2072176316734533,gCSI,GDSCv1,uno
r2,5,-0.5893853860675629,gCSI,GDSCv1,uno
r2,6,-0.6104937719955812,gCSI,GDSCv1,uno
r2,7,-0.44153089027957204,gCSI,GDSCv1,uno
r2,8,-0.6004371937364397,gCSI,GDSCv1,uno
r2,9,-0.49172657686426846,gCSI,GDSCv1,uno
mse,0,0.0378492278821395,gCSI,GDSCv2,uno
mse,1,0.04038790746240536,gCSI,GDSCv2,uno
mse,2,0.039885420152559234,gCSI,GDSCv2,uno
mse,3,0.035674955027999715,gCSI,GDSCv2,uno
mse,4,0.02659093795488643,gCSI,GDSCv2,uno
mse,5,0.03718967854253166,gCSI,GDSCv2,uno
mse,6,0.03781653795087401,gCSI,GDSCv2,uno
mse,7,0.033125007609905444,gCSI,GDSCv2,uno
mse,8,0.03849523183463592,gCSI,GDSCv2,uno
mse,9,0.035151140175063676,gCSI,GDSCv2,uno
rmse,0,0.19454878021241742,gCSI,GDSCv2,uno
rmse,1,0.20096742885951782,gCSI,GDSCv2,uno
rmse,2,0.19971334495360904,gCSI,GDSCv2,uno
rmse,3,0.18887814862497915,gCSI,GDSCv2,uno
rmse,4,0.16306728045468358,gCSI,GDSCv2,uno
rmse,5,0.1928462562315682,gCSI,GDSCv2,uno
rmse,6,0.19446474732165211,gCSI,GDSCv2,uno
rmse,7,0.18200276813802982,gCSI,GDSCv2,uno
rmse,8,0.1962020179168296,gCSI,GDSCv2,uno
rmse,9,0.18748637330500495,gCSI,GDSCv2,uno
pcc,0,0.3376226371356057,gCSI,GDSCv2,uno
pcc,1,0.3163671578414801,gCSI,GDSCv2,uno
pcc,2,0.33373873377999946,gCSI,GDSCv2,uno
pcc,3,0.3433748557365299,gCSI,GDSCv2,uno
pcc,4,0.38163176439922813,gCSI,GDSCv2,uno
pcc,5,0.34877872697923795,gCSI,GDSCv2,uno
pcc,6,0.35916353247227445,gCSI,GDSCv2,uno
pcc,7,0.3602454461767849,gCSI,GDSCv2,uno
pcc,8,0.34177273072318115,gCSI,GDSCv2,uno
pcc,9,0.3482349045934504,gCSI,GDSCv2,uno
scc,0,0.21806035016897202,gCSI,GDSCv2,uno
scc,1,0.18716488107735677,gCSI,GDSCv2,uno
scc,2,0.20933987238534219,gCSI,GDSCv2,uno
scc,3,0.217745975456329,gCSI,GDSCv2,uno
scc,4,0.24077236259130327,gCSI,GDSCv2,uno
scc,5,0.2296591331644846,gCSI,GDSCv2,uno
scc,6,0.22684077485490173,gCSI,GDSCv2,uno
scc,7,0.22229058058617815,gCSI,GDSCv2,uno
scc,8,0.21169800459488763,gCSI,GDSCv2,uno
scc,9,0.2192073482065444,gCSI,GDSCv2,uno
r2,0,-0.6128863554576667,gCSI,GDSCv2,uno
r2,1,-0.7210682625930032,gCSI,GDSCv2,uno
r2,2,-0.6996555424084552,gCSI,GDSCv2,uno
r2,3,-0.5202330778160669,gCSI,GDSCv2,uno
r2,4,-0.13313172833562636,gCSI,GDSCv2,uno
r2,5,-0.5847806795924377,gCSI,GDSCv2,uno
r2,6,-0.6114933245545491,gCSI,GDSCv2,uno
r2,7,-0.41157100918455547,gCSI,GDSCv2,uno
r2,8,-0.6404148155836622,gCSI,GDSCv2,uno
r2,9,-0.49791151734150607,gCSI,GDSCv2,uno
mse,0,0.009235618279352226,gCSI,gCSI,uno
mse,1,0.00746614595959596,gCSI,gCSI,uno
mse,2,0.008179962834008098,gCSI,gCSI,uno
mse,3,0.006857344655870446,gCSI,gCSI,uno
mse,4,0.008106086012145752,gCSI,gCSI,uno
mse,5,0.007807931518218624,gCSI,gCSI,uno
mse,6,0.009143960263157894,gCSI,gCSI,uno
mse,7,0.007686652651821862,gCSI,gCSI,uno
mse,8,0.008302872024291497,gCSI,gCSI,uno
mse,9,0.0077745480364372465,gCSI,gCSI,uno
rmse,0,0.09610212421873007,gCSI,gCSI,uno
rmse,1,0.08640686291953875,gCSI,gCSI,uno
rmse,2,0.09044314697094577,gCSI,gCSI,uno
rmse,3,0.08280908558769651,gCSI,gCSI,uno
rmse,4,0.0900338048298846,gCSI,gCSI,uno
rmse,5,0.08836250063357547,gCSI,gCSI,uno
rmse,6,0.09562405692689416,gCSI,gCSI,uno
rmse,7,0.08767355731246372,gCSI,gCSI,uno
rmse,8,0.09112009670918648,gCSI,gCSI,uno
rmse,9,0.08817339755525612,gCSI,gCSI,uno
pcc,0,0.8563237933086463,gCSI,gCSI,uno
pcc,1,0.8944798938029019,gCSI,gCSI,uno
pcc,2,0.8842335974136257,gCSI,gCSI,uno
pcc,3,0.899777936718129,gCSI,gCSI,uno
pcc,4,0.8817693013004482,gCSI,gCSI,uno
pcc,5,0.8880743177055302,gCSI,gCSI,uno
pcc,6,0.8665358850594348,gCSI,gCSI,uno
pcc,7,0.8814194402525474,gCSI,gCSI,uno
pcc,8,0.8819282447028892,gCSI,gCSI,uno
pcc,9,0.8883273506935846,gCSI,gCSI,uno
scc,0,0.8476234681951214,gCSI,gCSI,uno
scc,1,0.8932320602491703,gCSI,gCSI,uno
scc,2,0.876817339643006,gCSI,gCSI,uno
scc,3,0.8931908936185982,gCSI,gCSI,uno
scc,4,0.8686454512508827,gCSI,gCSI,uno
scc,5,0.8803060812413057,gCSI,gCSI,uno
scc,6,0.8562542281671022,gCSI,gCSI,uno
scc,7,0.8744608633428158,gCSI,gCSI,uno
scc,8,0.8701707857460261,gCSI,gCSI,uno
scc,9,0.8828214666734657,gCSI,gCSI,uno
r2,0,0.7252997761140765,gCSI,gCSI,uno
r2,1,0.799868824638067,gCSI,gCSI,uno
r2,2,0.771186430957858,gCSI,gCSI,uno
r2,3,0.8064935513434391,gCSI,gCSI,uno
r2,4,0.7722761382752588,gCSI,gCSI,uno
r2,5,0.788577250536863,gCSI,gCSI,uno
r2,6,0.7437793693528343,gCSI,gCSI,uno
r2,7,0.7718927713729118,gCSI,gCSI,uno
r2,8,0.7718022454832547,gCSI,gCSI,uno
r2,9,0.7868070777512002,gCSI,gCSI,uno
